"seq","ben_mal","ben_WT","mal_WT"
"ROFHYGQIOL",0.336936647718848,0.401707788415362,-0.001699651664641
"XWRJSMRRBB",-0.528319843937558,-0.672074250651689,1.33164216291774
"MXSPGRKVSW",-0.163031803813954,0.365627739390933,-1.0393017118608
"OATZXQMFHW",0.919819717586356,1.2133198297494,-0.479019743070217
"YTKVSKTWMN",0.233741739224547,-0.516745542154841,-1.72812431937848
"SNDVEKMBPI",0.451709777667124,0.0648404215919459,0.187435891651975
"EFOJBWLAYF",-0.886643495335266,2.46619771515771,-1.78520109391842
"MYGLGPAXRO",0.120460953346537,-1.19016093976008,0.757828540689058
"ZASGQFQCJY",1.57784744941101,1.38980344942446,-0.541412314306008
"UTDHIRDRYD",-1.64433140114911,1.00351982841521,-1.59539584798262
"PPMZZOYZOH",1.30846705885853,-0.298187145915956,0.42013606408497
"AYUTLBWLJE",1.180578507834,0.25624322295876,-0.450272153908102
"OEZVLVCKHO",1.14051067189801,1.47278770713548,-0.386741378321153
"SRKUDLOGKY",-1.44837398726006,-0.18822653918888,-0.480838933124987
"HYCHFRAHMS",-1.2204210776751,1.68079341444223,2.0509001297927
"UDQLWKGSTT",-0.79598732636732,0.695468694895293,-0.875204963901635
"MXNYWJTTDN",1.14815187043338,0.572499574908289,0.594195367992529
"EPRVAQNLKT",0.51663971431652,-1.22805989387326,-2.04460961941522
"NQZPEGHKPR",0.0987495854988525,1.4001204828063,-1.9422137867115
"KHCAZPQTDL",1.83018309419662,1.71710980840844,0.737471362871963
"FJQZOTXMXQ",0.744189655195696,0.168049205369651,1.87602622474642
"WNZZGLKOQU",0.291027027569233,1.33220408881987,0.0520922508238748
"QCGOGIMBOL",-0.108022208637407,-0.226515216541748,0.841389224938956
"WNSTBRTIAX",1.02018766058112,-0.0303665325633428,0.93250348908292
"YXVUTVONCG",0.546371223632604,-1.62906698409577,1.6032352562582
"OFEJBENZVA",-2.01619048698062,0.543224985364768,1.44755025000538
"VESLMWTBNG",1.63665894985572,0.272734373151138,-0.876271152955
"TJWJSBDORV",-0.59315719057515,0.475790340365907,-0.550631280005381
"UEEWIPTLSO",-0.021266091429843,1.19207167769913,0.833103992368104
"SDLHVSRBUN",0.498433193530053,-0.235148460622862,-2.03700360713935
"XDEVNFYBBO",0.158468402744699,0.33233180791172,1.34130583999156
"LIXIPELWBW",0.406502005899271,-0.429721941785935,-0.877878345021812
"MTMKOXGCVN",-1.08139258067872,0.221567196946001,0.198796033425984
"KSYYFFWVHD",1.65179517260383,-0.61275714200152,0.0879670922122857
"GYLMYNLTNM",0.741727270461234,-0.577848666336019,0.115444358849236
"SYVNVNMFTK",0.279841655514148,-1.0817784444317,-0.194355362868602
"JWJYBZPHVR",2.00440614912983,-0.702352476368487,0.0414010574650217
"VUTCBMQBQV",-1.8637827282881,-1.84196115585558,-0.320600671636508
"NTLAJSISEO",-0.405825732503563,-0.14839856189402,1.0129065264117
"QOCTRLEQDU",-1.76125331581197,-0.485567135393963,-0.6508509436971
"TPKXPDOBPQ",-0.757940472551921,2.19937948545433,0.614467502509681
"UEZSFSATIQ",-1.42224466856247,0.519029669430513,0.452981568993608
"CZGKQOTFKH",-0.285874589564105,0.512766076423526,-2.0151556397358
"WBYXCVYEBO",0.781947325759173,0.981730250066838,1.42020011190889
"UHDDVAMBUT",-0.950594426804145,-0.146231824465642,0.526381673278177
"KARPRXZMHG",1.12900871181329,0.9903476535369,-1.31445507347811
"VNCKJFDNUD",-0.0300539086635544,-1.5981376890699,0.12187366549231
"WVMXDTBPMX",-0.122220906327233,-0.477593959795721,0.379895833398021
"VGNDHAUSPG",-0.242595589632079,1.02753812292932,-0.503844568345586
"QJKXVWHMYP",-0.149045098163598,0.651495292166832,-0.620115698646861
"DDAEBAHYMH",-0.406848894246336,-0.693109727705196,-0.808513979430502
"CILULLJOEN",-0.48281050104476,0.529260083269094,0.468627157073064
"TQRSOILMPV",0.495994243583795,-2.61373959336596,-0.0360443959041065
"YHOQXALCZV",-1.74794265966925,-1.13734366829578,-0.582965698202731
"FUTZXPBKAV",-0.650482328185723,0.421141242650573,0.50161053242805
"IUUUNKYLVH",-0.0658101824077333,-1.44326114215056,0.394342463801378
"CPQRGJIDVD",0.0941486820927124,0.268007567002178,-0.597124211054441
"CCMCOPZYMA",0.348860339317235,-0.172032097378284,1.02733428050735
"BXTBKHBDSC",-1.39605316200875,-0.286839279067394,0.6808547389893
"KUXRNJQFGD",2.51897761240731,-0.399361315464614,0.120953246100577
"WAVGMCLQUD",-1.30507612067547,-0.657766597275262,0.145690588802305
"AWZHXGUJJC",-0.421161841929248,-0.11447580986488,-0.603685354242986
"UOVXDADZJV",1.95382128239289,1.11516147169516,-0.324647923132121
"NJWTPNMXVE",2.34393802872657,1.38758029814439,0.0772917992082992
"CHAIBMBGPL",-1.80652748296364,-0.654688004411031,0.629900816542011
"XLJLNJNBBM",-0.386259798010943,0.45246696324588,0.211061583355424
"ATRKHZEYYK",1.53433871659999,1.41228500981451,-0.761008308876877
"DCADXDDSJA",1.38145079505491,0.27299338493313,-1.45810094531644
"FKQLOGHYNX",-0.849989704069182,1.07505028424174,0.507979361921302
"RRBPJHAIGG",1.07864704078497,-1.31394253365504,0.219137709858663
"UYACKWWFFA",0.617949186172527,0.713496823651479,-1.37464188310701
"DBIDDPCXKG",0.103800541729501,0.176754180353522,0.873995017735828
"QCUMQYWYQF",-0.852286299080736,-0.0574566268994643,-0.31554044886757
"BZNZNXSKWW",0.030477619890509,-0.55363297180799,-0.331271036814503
"FFXXXWJKTI",0.174332829964825,-0.817159403942329,-0.886754094438977
"VKMBZEPWHI",0.653016559264969,0.940483275531961,-0.993674189470041
"FTTVDDSDKC",-0.419860689138361,1.75900269485086,-0.700842985276708
"MROPERZKPU",-0.468544159132994,-2.31590597288076,1.93986733020555
"TLNHFGAQPT",-0.380812656556871,0.41329697490465,0.0866570271960958
"FTDXUEVZZQ",0.131647221211053,0.519320142186123,-1.01473202349858
"GCOWAYZOXI",-1.12100411606615,0.772170934880241,-0.881762798209816
"KQFCNPFJUF",0.154589005377686,-0.724042227627101,-1.39200777898421
"KMGJXOOXVR",0.248694168451072,-0.219662362519753,-0.103687480474589
"UBIWAKCLHO",-1.115115182465,1.17504219613277,-0.654821889479807
"CKGTXBMIEO",-0.0732587703796218,-0.41333147323062,0.198271425487111
"YJVTDKCQPJ",-0.140883100320617,0.180094133456279,0.623000614103457
"VKYJLSNFPK",-0.345752357991138,0.403668751837623,0.801387864516385
"PUXJDPZQAH",0.657413875918684,1.39493599556479,-1.26386326080442
"EIDUYFUILK",-1.07044266041952,0.789577201332099,-0.97528424018716
"ZFSDDDKIRZ",0.663358405037171,-0.778684263073465,-1.24768893785054
"IBRZVSBUQH",-1.22659683554259,-0.483462376926174,1.21449548296207
"EJJAGDEJYS",2.43094407609687,1.56643873067498,0.00419855606725842
"YXXXCIAJQT",0.532342396481262,-0.0294588958704585,0.570993612247019
"TDGLDPPUMN",0.329460656520664,-0.859997117824387,0.237849203053181
"SZUXPBXRXM",0.200920125580806,-0.944511014577282,0.357875937898448
"NUPRPIQFAL",0.258924830657837,-0.600020543514397,1.14516170928938
"LLFOKLSSVF",0.251555176670467,-0.625841894091748,-0.410684231024257
"BYXHTPPABA",0.699112388948003,0.211912256892627,-0.000924352062822007
"KTZZNAAOUG",1.08670199212415,-0.306198907627503,-0.933033509258203
"POCVRMWVQO",-0.0551986516813333,0.693839949096387,0.876827430560888
"GAGECPEMNN",0.103396278220306,-0.64486920268859,0.944983427710995
"YGHZMTEBDB",0.486711070794105,1.70331070767234,0.957894343066529
"RXXZIXZUYN",0.701795012121044,0.0521971639721861,-0.373365919511091
"CONSBBCABG",0.268275676934145,-0.497356604530807,-0.13603524869686
"KVHXXPUAKL",-0.171453419955857,0.546376654826337,-0.391670394510753
"VGIQQPVQIH",0.410794047297512,2.21202248705894,0.810167704846998
"TLNSKDNGDB",-0.588382491148906,-0.619201899471469,-0.145804646362944
"HWGXQGLPBE",1.80363302052512,0.715880131890556,0.681910307000312
"WBPQQMQLLR",0.467217848643606,-0.389822099054102,1.01310453110205
"RNBKLBORPK",-0.155621424936627,1.20435716127006,0.323591708128084
"LLLDDCJVQF",-0.0318219498483626,-0.066469280395026,-1.24317150133353
"NITVGNJHHW",1.50815708637244,1.09039005481663,1.96672352901288
"BMLZQQVCJZ",-0.818115377731542,-0.877748464560604,1.07495445428358
"KEKNYHEFNQ",-1.02946380727298,0.722953837020598,0.55154405880281
"QNPNUHCNEI",1.02904778672773,-0.55906139559435,-1.02623108272937
"ZJPGZZKQKF",-0.825951515355877,-0.819010460491186,0.13586128136618
"YLLQRETVAY",0.772039367027721,-0.516099871935079,0.432066883000424
"YXJBSGGNHT",-0.106412275872284,-0.139548613961318,-0.298745889062682
"IFOUINZJZT",1.57794438173072,-0.903540035490302,-1.38263231967461
"QYUKIXVZFT",-0.93124526876467,-0.473930356082519,0.749933751860351
"SEAGSVQVDH",1.75960670319174,-0.891620119534051,-1.6538089940197
"HMANXPXUJP",0.689081724570202,-0.094207995975105,-0.115786955264376
"EWMOJVMBXP",-0.953964527100922,-1.20511725322203,0.497148621027986
"VDTWJUCNMJ",-0.815954499110735,0.73287474496359,0.420016880728871
"YMPNJMUWEE",-0.26164487977566,-0.792013933653823,-0.77481352252108
"HXVBWYCDZP",1.40622896865243,-0.623390615136328,0.566798664075007
"LPQZEGLLTT",-0.135120587002505,0.797228539665897,-1.45408219725652
"HDQWOXUNRY",-0.085571188164712,-0.644453247295804,0.593057181234438
"AGSSQCZJHX",-0.995324533565359,-0.846869214256344,1.40509933698247
"KOPTZAJTYY",-0.168734481370594,0.44027411749652,0.61571308314578
"POJPPTJEOR",1.6102389440273,0.645944218434823,-0.923236869359297
"URNVABQKQF",0.511904621066375,-0.861467003495036,0.51775362994
"ONCTCQSCOG",-2.10280249743246,-0.96164587099082,0.342579903036175
"IKPVVIMNUL",0.0210435539844997,-0.134991747534004,0.248221111283464
"ECKZYKXXPR",0.925842269552214,0.297660269525322,-2.78850649411897
"BZRCACDAJM",0.336573871562827,-0.703492392434069,-0.726991676967717
"IMZFPGRYOP",1.83050275546591,-0.96093672975189,2.02899061168676
"GKMIWFSWIL",1.20752383373365,0.526852930239337,-1.15294638799414
"NEVHFQIOUE",-1.13488803288521,-0.0803836211564275,0.13707248268218
"ITGQDLFAIH",-0.297604315545787,1.16488325052822,0.20665583465335
"WENFUHZTEV",-0.415578541142358,-0.817012558983441,0.955399455285458
"BNSVMZNLNE",1.44203338164038,0.847046723525894,-0.647021878437876
"GSIACWGMSP",0.155243909026422,1.22994176142351,0.714029025393655
"YXHNRCNBPW",0.0393442503722255,1.21475982421958,0.829330347493356
"RJKGSTQAGY",0.976009222575846,-0.108782700922423,0.902788342241012
"JDMMJXQAXM",-0.516632175548911,-1.1609617268755,0.442213416407426
"BJNOFSMWHF",-0.679215750110953,1.51271135205592,-0.636273442023268
"MHBMOLKPBH",-0.392943492205496,-0.449401675730587,-0.152104372360878
"FDZXZHHUNN",0.51718083904516,0.106706695202005,0.406094279467367
"LWRALVZGBS",1.23460447271462,0.180303197063887,-1.06964533622204
"QWKYYKBDGQ",-0.0363431750294416,-1.3844941023746,-0.00988817752234532
"OLSJWGUZOH",1.26924537477248,0.468636014805832,-1.44199969966306
"KQRVWUJHBH",1.39737702318384,-0.0966208379586018,0.665228847034617
"RISBYUXNXR",1.03040305412893,-0.0149969177718669,0.126534948139085
"RNDGPROHFK",0.891032105516939,-0.102109155436243,0.0304768183796547
"REHHAAIPLO",-0.485535936609615,-1.3718073787687,-0.0490397333142031
"OUJPWJJYOS",0.895153751504123,3.57031049604543,0.160718703536672
"QLZVOPCZKR",0.521253685179431,0.55883543248992,0.283863663300469
"BCHGGLIZYT",0.142229078864351,1.091258105415,-0.822767692393078
"HTIEYFENUO",-0.626237579872842,0.93162397554873,-0.882935463851079
"AOSEAVQMTB",0.475378395285004,0.191243456719943,0.145714024842642
"USMIOQXFXG",2.17730717006552,-1.16427811837358,-0.560593461390969
"BUXUGAJANB",-0.290895356517331,0.797970694380396,0.893169452998971
"MWJXFVVVHF",-0.81857719790778,-0.174937476833973,-0.578909730767915
"JFHTYPWBWI",0.421704224465912,-0.0456866610539197,0.339446367658513
"BQKLHZQBIP",-0.939472573095889,-0.963379201970561,-0.742603468198831
"KTEJRQAFRD",2.15671173024321,0.17591256728439,-0.0615917329830762
"QCWBVMOQLK",-0.280411272815109,-0.692885280478401,-1.12963078396413
"PXNUZKHCMX",-0.453982374961526,0.174805219484733,-0.614902280840586
"PAKPTDEHSV",2.24604118501842,-0.861024404803296,-1.1260195069466
"JFXWFWDQGG",-1.25039822306263,0.767274997075155,1.05674141354329
"ARFXZQDTPK",1.1761095204874,-0.660550876075492,-0.517228229421172
"JWYPJXDNND",1.35593137939877,0.396114535581331,1.08640223284333
"CMMNQRRHKP",-0.173838106676549,-2.53509780247411,0.367628375439953
"ZRZMOEQGFG",0.572612674292911,0.245966311582752,-0.826488952732213
"FLEJLSVNPF",-0.116970020095879,0.726143631427828,-0.167425498817513
"CKZXSLIKXQ",2.46797368145171,0.389909432421679,-1.74457752197953
"GVPMUCGNAJ",0.0715143976992471,0.427536528439826,-0.053938049543769
"THNAFXYPQX",-0.0409344349866535,0.426816503415293,0.553432973832373
"AAABFQKMYO",-1.09911070177533,-0.10146432174152,-0.373669382544979
"JHUUNSUOTY",0.474943582625712,0.194442433017901,-0.132574948902581
"GOXQIHMCVT",1.13597560446727,-1.98462915524844,-0.987000209559229
"NIYGTBHDWH",1.40789775989531,-0.743439518188995,-0.786408339442075
"HNPACIGBKH",1.11138543644325,2.12638343300351,-0.884521642599503
"IWLYVGFCRC",-0.619074060926278,-0.383964518910585,1.20382774118178
"GOLIYIBCWS",1.14768130475066,0.395752832196837,-0.115922085861481
"JOOYZUVSCY",0.964729309253122,0.430072103826273,-0.123155054193089
"XUERJKTJVZ",-1.20782229485272,1.54564712407512,-0.794609956719183
"BJMERBKOCZ",-0.493116763407627,-1.44857326674843,-0.287264611734484
"WHGSSZITFI",-0.507511159649206,0.581370399962569,0.529207236184207
"BMBRSGKTFF",0.333408913207555,0.331674972401068,1.11569359252073
"ACQHQYZFWQ",0.167467996480255,-0.48876070816163,-0.154469820930626
"VRQQPAVEHT",0.577322785392455,1.24672145693692,0.821194994872635
"BKEGBQWYIU",-0.944679918367012,0.745261008897477,-0.504636657524989
"LXYNKZNIYO",0.556730432811495,-2.14612601715754,0.202723672813692
"GFVJCTPCCP",-3.14837960674497,0.195973543696771,-0.0431774640135769
"NTPFAADANQ",-1.47344912684233,0.884408444557699,-0.239126033880294
"OBDIOZNGRZ",1.3592936722937,1.00774572759619,-0.764765516617912
"ZGMKCRZRZW",-0.854881891582841,-0.825395996825245,0.375015825405629
"MBUXBGZAYH",0.936319735970047,0.237124434066924,-1.30160033564399
"BYOXFAZSPI",0.879833603229792,-0.138249328337772,0.771965516376465
"MOPZNDTKXC",0.0204105455017059,0.266981527411926,0.449906172297131
"XCONKUQXYZ",-0.723404931254227,-0.42322595763009,0.0528803676415508
"BNVYIWOBJZ",-0.109384755159614,-0.0226167775285111,-2.14875947656955
"XRYECPGAPR",0.355880960751483,-0.0132006825193361,-0.702761133325107
"AKXMZYMJGS",-0.109067007494978,-0.495817908360783,1.77204652949564
"WSAWJDUTVI",1.76657302151229,0.18916002737043,1.80583645358828
"GWAAVIQCGZ",-0.234765109147682,-0.648643372441257,1.23280601189374
"HMWQVHOBIV",-0.402535156360491,1.03405325634602,0.755723845374298
"IMEHAPMWWS",-0.522005221675227,-1.96246577284859,-1.09096433863232
"KDNIKVLANZ",1.21456510527951,1.477875124908,0.471415643741417
"LBRRBDUXPE",0.00306017784289583,-0.8218174693003,-1.03979420445938
"GUUGWOQNER",-0.695066462531438,0.947543433358073,-0.232128870510139
"MLGTMETFAE",0.463313681151377,1.67181926542567,-0.496865663554028
"NDNTNSLUDV",-1.11040547431638,0.592508415798341,-0.173536475340518
"COZNQESVYG",-0.0630034099796117,1.47391815320409,-0.252766420157151
"LZCZXVHAQI",-1.60622137263896,0.817303971031607,0.381356229473928
"VQNBOCWGBI",-0.265153914027183,-1.54607769138099,-0.677766912075535
"WNPHVCPLDY",-0.12108642496104,2.07055604667707,-0.809240186912046
"ZLAGUBPXEZ",-0.109366442916296,-0.922271914228839,2.07681522854106
"AZVMDEIMPW",0.93585371422415,-0.251144664228942,0.0257657244937655
"WRTXLMIRDJ",0.97059592699701,0.761918730667988,0.768981207842115
"VGXFWIYGAS",-0.50880837627955,-0.854063703783044,-1.10948326024702
"GMRKYRSELI",-0.0447583950936122,2.30447997577408,-1.48084629333605
"UQNILXNKKJ",0.433074514330564,-1.25678405994398,1.08297612510632
"VOUESYNHIX",0.070624907956504,-1.48817702740847,0.811900589253762
"PZQZZJCJMZ",-0.318372888221464,0.817995463903884,-0.0653066945845607
"QJIBTRFLGT",-0.0308093433481394,-0.720859091427349,0.258481013194036
"RFEZXVQJOB",0.255984016187422,-0.370912277488949,1.0841550398122
"XMZRYDNGAV",-1.02264033766929,-0.0422997874747911,1.53434903955112
"IQKSFQSDSJ",1.1469590910959,0.468886843321691,1.15502495024171
"MQRKCVCPTY",2.1942221993654,1.17569371836789,-0.559529668921528
"OOZDZUUUXX",1.23076311488105,-0.109109548525452,-0.326500110423473
"KMFTHCUBKR",-1.11201195184514,-0.604286525610635,0.57240889457682
"KOKOKKNCAE",-0.0866635972251225,-0.40456401311719,-0.43234922183639
"ACHNGZFCVM",-0.0324176956923453,0.794703954771153,-0.230725805593445
"SQLGTWEMZP",-0.676369774379018,-0.019890567218124,-1.79547324243861
"HCRQTCLWPZ",1.2405612431103,0.423919881647121,0.183990903713476
"CYKUMUTHFT",1.45157167366487,-0.80924847149761,-0.117690395414156
"ASYOXBAUDT",0.456582524516295,-0.18512683598096,-0.223805686378378
"ETWYARRYIE",0.928417064326558,-0.0211052800995804,1.338781785328
"AVPXHSKBCB",0.383181353127385,0.740883862970109,-0.989787688234484
"QUERGWLJLY",2.21323335575863,0.347233235243279,-0.960439354617222
"FTNKCRTDEZ",-0.538342937879699,-0.331326559558123,-0.405494912461734
"BEZDPGXVZU",-0.661451513091621,1.289806885105,0.306522351276316
"BRDZGIIWPV",-1.10843994977624,0.7107498768182,0.097739910531328
"ORLELRVGSP",-1.57060320699326,0.24946934550747,0.890005868649537
"PYFTXXHYQX",-0.640702585484893,-0.848502383442862,0.209598038867629
"TDDSFPUMMZ",0.896877001743587,-0.566992427679441,1.19894074320802
"YSYHCSVTVR",-1.18594223095191,-0.13181839165391,-1.80834971637936
"DOKPIPMDBN",-0.280929536282927,0.233207666249136,-0.963063348796932
"RWUAGPLLWU",-0.306071219746646,0.902894592875939,0.175964013130466
"XHNJJSNTIV",0.21232006392925,-0.223402617696596,1.28201144312968
"RCSHKFFYJU",1.6909536835158,-0.515052185512445,-0.579037064606259
"NTBGPWCNLQ",-0.126333734148775,-2.11157689023677,0.649103968431794
"GRNPKLACZF",-0.657375551354273,-0.978106133596297,-2.47394614679705
"HREYVLVQLE",-0.087424564637838,0.566629548257214,1.02648983517231
"AWIGLZHGZT",1.66799344678646,0.0438485970756833,1.20225882444305
"AZIOSAUHTQ",0.704361096912007,-0.506654810140679,0.789436678881575
"UKRBUNKOXB",-1.21203600243253,-0.782502698087228,-1.6595026643334
"GPHWOSLCHO",0.503346702317098,0.564938475141861,1.24571784589383
"SFLTKXZZSQ",-1.25114385260837,1.17243512637704,0.245185513747945
"QIVROVPYUS",-1.79129151273161,1.17501489925846,-0.887546123003853
"OQUOAQEQPR",-0.0563064799270955,-1.02847890649646,-1.4809282399556
"ALGFXHTRJC",-0.0725299440274139,-0.575178829195797,-1.29220971999398
"MLGWRYUCME",1.59295894295291,2.40381132585459,0.444590291620214
"HPPGBMWELJ",-0.0916525831689111,1.19852025113705,0.615330514561665
"HEOZADBPNE",0.0459574109275361,0.506399777523914,1.92550138405273
"RAZUKVVCHA",0.386088944480956,-0.28749469507288,0.00576010083868043
"ZVCUOYMCWX",0.214757823264908,1.63256855901208,0.513219978969668
"YNIBQJLOQT",1.10281312294753,-1.82363012554627,0.432194180148689
"AJLBWHCDBN",0.914325099557557,-0.182207476413235,1.88107277307542
"ZNZZUPKFZO",0.71512372040597,-0.512644192555668,-0.660541973733224
"EXWJJIGGBJ",-1.92828516756955,-0.943376027762828,0.798054993184983
"HNAZXJGEYO",0.297188142643345,0.952774351082314,-2.24159420489194
"NBMQZFKBWL",0.70427540521746,0.246101500018985,-0.674668605514126
"BECNUOHXQL",-0.924477156852658,-0.699739658863338,-0.507844838217484
"NMXCWJPGTR",-0.309704884000341,-2.76128584191171,-0.44233607776215
"FJUHQSMTUA",-0.619139321910242,-0.0418132130698148,1.17627233840037
"QZSTEJLZKU",-0.151290282716746,1.40471125882181,-1.30658157827862
"VVXLXJHWLO",-1.58261674461078,-0.589495853265684,0.92151550272019
"ACQOQMCQWG",-1.66755435122507,1.56438541006588,0.553653327385041
"YQXEMGBADL",0.926152317081391,-0.476475405765976,0.780910231839424
"ZGWMWRURDS",0.77489123543039,0.940565614687239,-0.710567960189656
"OPJBZMBSBJ",-0.636286280964583,1.092981461346,-0.0733076583736654
"NNKNOAGUFZ",0.697087325852721,-0.498116100296971,-3.52284887775111
"CDCJSQKRBK",3.43491992849624,-1.20312112248099,-0.949561897639462
"RBFAQNYSGR",-1.43697580302835,1.52845008855834,0.358126333140444
"LAUZHAPCMD",0.411603135316443,-0.524719362155333,0.347253451730048
"CTJUVJHMEF",-1.45722683081884,-0.16810354852002,0.15675214941206
"RGBGCSOYYJ",0.190513020197925,0.0373418570962976,-1.12732776768301
"HMMWXWOLBG",-0.170181002006214,1.86123269189938,-0.94288672587412
"SUDCHKWYOH",1.9601571637229,-1.55750824940934,-0.623703265845386
"VYPKWEPZVV",0.386720803162837,-0.500681930624071,1.36660175082164
"CGNYRUCQWI",1.2409914793367,-0.251410436209494,1.25366251691685
"SUEPEZMGXR",-0.0357210076358033,0.47569974492026,1.59913102710001
"MOGZLAJGKM",0.948026131088702,0.902080243061506,-0.206807553920919
"TFRYRGAHPU",-0.0931554338988604,1.04501790163499,0.207458102961266
"WFGMYWSIZO",-1.14225309965247,-0.385385168611721,0.932891157454307
"OAKPEXINBX",-0.774160458488869,-0.102570357014821,-0.632715422914054
"RQJCRHDOJS",-0.399835224941279,0.683214725765187,0.306729266758985
"HYVVGERXFN",-0.23211487728137,0.251649763797145,-0.734353229246566
"ACCNKDDHNJ",0.91766591768945,1.25908433831426,1.25829320083591
"RXTKVUJOAZ",-0.154120700978429,-1.15523564365985,-0.439197538043893
"CHKRIJVHKR",-0.622574091259855,-0.413999134608825,1.15717737120838
"HTHLXRCIMQ",-0.684314540922441,1.42587870755786,0.891340504684516
"ZYGVLYQGRU",-0.514895848561013,-0.407509223355238,0.435180073961399
"KKGKCGHOLP",-0.241547194837485,0.286688212950009,-0.422262405723373
"HMPOTYVFQW",0.346861538019631,-1.23177032343745,0.546605226293696
"EMXQWWYDHW",1.25939516854255,-0.635123062579792,-0.464158883577935
"YFOGWMDKGR",0.581906785984609,0.678085371857483,1.55821437144674
"WCDMCAQAIQ",-0.0611866249673592,0.404451969351893,-0.120502011573807
"ISUOFKZZPS",-0.69725250039272,0.690892284634351,-0.00495868460670231
"RMVMUWVEOY",0.228179169965282,-0.453667851521348,0.762873983193167
"RDTUPHCWJL",0.0993634543826508,1.10149606521608,-0.269569079229405
"ATYQORZPZQ",-0.821320090040115,1.14195082118326,0.854230336935783
"SAVCHMIRYT",-0.948066614072827,-0.305264279177022,0.374147064111369
"UPWBPNBDFY",-0.711229350465145,-0.8865005397016,-0.0921694652128546
"CGEEQVCKHK",0.66892536747653,0.422809732020731,-1.09586014981578
"GGJXTBXIDV",-1.280862773201,1.05620993749292,1.65038226593468
"GEFRDDPOVS",0.416431281654615,1.71379805921146,-0.961101992813011
"AMPYDJTOGA",-0.554873747578002,-0.241331079766646,1.57082882732752
"MLJOGULVJZ",0.666946721766751,-0.221042350741039,-1.03004164584205
"NMNOHSCLBZ",0.246725363512949,1.68212247887333,1.35012773269342
"XTUGCVMGOX",0.587415169038754,-0.0665018466504293,1.11060226181616
"NOOJOMTALQ",0.504769395319289,-0.39494233329136,0.320051743410857
"MNISVFLTCD",0.615532603778997,-0.242237462515399,0.134475846457146
"HRGDWXBORU",-1.19408245608904,-0.315624053994362,-1.91814716947036
"PIQCCNONIS",-0.514536262104225,2.50819626043551,1.2873455020422
"QVDMSNHLRW",-0.499033183923992,0.0202858207651032,0.030091868522808
"NVTQROZFGZ",0.619451772202301,-0.443012040413263,-0.337197564190361
"PONIPUKFAH",-0.368935730943409,0.192725050622413,-0.0593209596450607
"ERMUGDPOQB",-0.239018585360655,1.35999402402491,-1.06044553324899
"XOVOUVERGJ",2.3034822980652,-1.10104484273969,0.445581958955607
"EFXGGHCIUS",-1.27598670868632,1.97123806149231,-0.475806243201517
"AVQRJIDKCB",-0.0701664650154636,0.303550430588754,-1.06858481067361
"CQCEOKCITP",0.312594420745914,-0.386446924677373,-0.176091321362595
"LEXAESLLYO",-1.90570364645075,0.493746391067344,-0.592435439463874
"HDJGGFKKOR",-0.040232231171019,-2.95429488554189,-0.922991076900683
"KYFNMZKDJL",1.14131244393627,-0.092236149447212,0.336477017652973
"BBQQFWRYPW",-0.524658563868139,0.599406421966671,0.905379673672675
"WPHCJMMSTX",0.0442941611222721,-0.671340489165932,0.160344925971404
"XKRMMGUQIY",1.0806123974954,-1.20315326318824,0.0460232020312391
"TIIQEJJPBM",0.883164701169548,0.358052468960719,-0.033939041544052
"JUDVGOILGD",-0.997098586815025,-0.783890896410081,-1.9724796675977
"EGNVYQRGQL",0.505057527108935,0.582710094148467,0.54296382450621
"PXKITGAHAN",0.178928891760417,-0.400402574377514,0.292365982957389
"ZCVXOHCPBN",-0.220973738310702,0.755944065761614,0.600685850116956
"IOIBLVZIOO",-0.460329012885018,-0.376891196080136,0.0147499577139109
"NDLPZEYJTF",-0.687886516488589,0.108158396781965,-0.339921660842456
"QCWPCMRCPM",-1.30116802253504,0.601000736312569,0.655433713218653
"RAEHWIMXGQ",-0.440803130963676,0.989220127451487,-0.65343150738061
"FAVITCQSOA",-0.887338576998518,-0.314305063938767,-0.5950482842445
"PMEZGSACJT",2.41538410473809,0.662611690542516,0.97662400347773
"KPNWIPSNGG",1.6659290703732,-0.0494655803161719,-1.61770089275708
"WTEXDLYYDY",-0.143139241728281,-0.510147403656593,1.02889606943694
"FQABKKBEIE",-0.971300174152384,0.997917554087072,-0.385715340890857
"BBSSAMYVZH",-1.15744741054885,0.428478180247154,0.166400273379742
"WSDZFIFYKC",-1.25899668280344,-1.19129036370443,-0.120095037574883
"WPQSGTGGZY",0.401508174133184,-0.407460465353456,0.773952124010978
"SAUTISQCUE",-0.529902583960674,-0.42048813492464,-0.175664355444131
"RMOXJHYFXS",-1.36766205881618,-1.36790461899708,-0.389106648673072
"HTWUCWYTFW",0.288948381834517,-1.38451245358068,0.257507177573032
"EOVCGGSKDW",0.650153595940211,1.15953942379721,-0.384998793710371
"HXJHBDIBDO",0.387141974413844,-1.63234440445465,0.375314663637805
"CFANILXSTH",-0.82344573938501,-1.19116098980314,1.51997478314807
"QMOXYVFITQ",0.367967764246103,0.843165004947423,-1.6723532709768
"BYSEFDCKGQ",-0.0439672886550915,-1.0366014316203,-0.789930295331075
"ETTRBGEDMS",-0.547615683668273,-0.108827303753848,1.7378335214174
"DRIYOMRVLS",2.56542831995573,0.282062596217692,0.0697113778131933
"BIUTRXMOBH",-1.17597278296868,-0.660272489292507,-0.0944414156685228
"SJPNXRIKOS",0.788892482072996,-0.269043832728639,0.605718189668835
"DGUGRDKUSV",-0.777892952304754,-0.228355341902804,-0.601029624625661
"GUPTVZYVMH",-1.69086900231541,-0.353069324895522,2.00394751656053
"FTNRTOLYJZ",0.120308122165311,1.20520902456258,1.25685353420583
"MBNUDHRYOR",-0.0850771343884431,-0.0417064275942914,0.815163325614586
"TWOCTETZLU",0.176586842995145,0.48091755170386,2.8591628040134
"JRIWLVATBC",0.594752831487857,0.850650130632012,0.591877365340003
"NUMVITCKGD",0.214454745310749,0.22139538863688,-0.24354769791998
"BXCIKVVBZD",-1.16219275765342,-1.15754834035253,0.50728661138077
"CJSZHNYDUL",-0.159319489482491,-0.207084821825942,0.956689399886839
"NDHLHYZZVJ",1.30506953076626,-1.63552261832408,-1.17014519342849
"ZQJVKJQOQK",-0.893202817249415,0.126982355008197,-0.287038584220158
"GLRDNSHUKB",-2.48249475033896,-0.00542719874291922,0.525884751139612
"IIOGEMLHZC",-0.168948133807757,0.148930065777569,0.940923088762362
"WYJJGVJSGG",3.05859610214412,1.72334604263165,0.639127097250273
"FNNQJZCSNW",1.2282517206338,1.35639986461233,-0.960820111167878
"IKMATIIMXT",-2.50344178699422,-2.43928954308145,2.207147901315
"BBJXAOCJEF",-1.97083073081414,0.131899992966456,0.187729556891192
"KADRFFUIDE",0.630261971487481,0.0166704412808615,-0.842385385714199
"SCZJUPGLQX",1.25999011866303,-0.236830847538393,0.215508333165036
"MBIFTGHKOQ",-1.80111474820313,-0.448140793127539,-1.21351144670043
"DATDQJSKXQ",0.535286102750335,-0.727314543855597,-1.45596209861943
"RMRAHSRDEO",0.668606678193215,0.728342880492801,0.249043600581276
"OVMESHPJZZ",-1.2976315863417,-0.020367513669308,0.27272302668136
"MFDOCYQPGO",-0.953988814124026,-0.113625944782036,1.50096212278501
"NFEAMYNYPM",-0.917097884135347,0.86183251027599,-0.653798361286192
"HFXOYBXBGD",1.50354858300153,1.18128531944934,-0.456865795475198
"XEAHXZOYPK",1.90520082122433,-0.384454698222131,0.0961723396438742
"VTLWUSRUUB",-0.0909346501540043,0.47836506638149,0.578799691982808
"HGFICAXBWS",-0.582925754102289,-2.38013088820439,-1.71684805490483
"JDUANXNKVY",-0.492891167948329,-0.518989653617065,1.52843735853177
"LXJMUXVXLA",-0.427633290031212,0.528268953441969,-0.267208121787424
"VVPYORHEGJ",1.35445650425188,1.47587937752937,-0.338771757850439
"LJRRJSUVNJ",0.297655233032528,-1.13928500738467,0.858332601697383
"USLUPMHLHU",-1.41652112492759,-0.737760765656861,0.763283221682041
"HEPYTJNHSG",0.842880142482115,-1.3839371005833,0.0777521659649274
"RYUMLSUDSB",0.373121955785049,-0.135863782107019,0.365964048310734
"FPEMGUOYLF",-0.217402261063099,-1.34382043032331,-0.789281370425749
"NUFEFDCYDY",0.653084850266944,1.69932838165406,0.290823061467563
"GVDZMNKGHO",-0.913119223638143,-0.148321583987505,-0.649789254361597
"NSCZVNOFOM",2.04042985602622,1.64274159170248,-0.459277327693682
"RIWWRTWJDX",-0.00573875366450318,0.666268684395285,0.117689863242255
"CYCMYZPTQY",-0.183344257483909,0.332336131393381,1.3874991859935
"IKLPQFNLVN",-1.4701535083749,-0.754406425720179,0.88214827644195
"ZOBPJNLALX",-0.337074973911268,1.85159000229118,0.0165981235469008
"MTOFPSZDLC",0.0115851117872306,-0.914726841048495,0.912144192718609
"YGSJLGBYDN",-0.110752317532517,-0.276514349314948,-0.469896559160928
"ZZYMVQWJBN",3.2873798666859,-0.226130416202971,1.07852844537116
"KIEDUCFYPQ",0.602696405926366,-0.983037874416835,0.358538964742265
"NXKUPICQFE",-0.565396093585726,-0.461468248572003,0.963953838958229
"ALTEOZAQCN",1.19389519593746,1.25027497334457,1.00298813494268
"ZBZWFLZXJZ",-0.694514552589898,0.515285880911954,1.40507708538241
"RDZEJINDDC",-0.358990702409025,0.328962693771376,0.443765684759155
"PQQHWJEGKI",-0.828923534346817,0.296150460918889,-1.63035387287758
"QOYIHUDTZW",-0.278880942023234,0.57331045901656,-0.649196725191014
"SZTTPARTXO",-0.31331760872512,2.00685616924827,-1.10074605270559
"VUDITMNMZV",2.27568532064416,-1.28666436883715,0.329209505603254
"PQALZZGSOI",0.830040081366323,1.56169916522433,-0.861780603287654
"LDCHHNZGEB",2.20969616629511,-0.619820578296561,-0.294317946602402
"RHJENGMDGC",0.739357236552462,-0.649752494313311,0.320834956440431
"BQOKXRDBRS",0.752004155706392,0.164333706041045,-1.35474139819605
"BGWGVKECKU",2.52634668260825,-1.11420582815355,0.855912843416203
"OOVVXZSOTJ",-0.0120445594101172,-0.0632049869547935,-1.1573142690404
"GXBQNJSMJW",-0.319346041294102,-1.00863977893925,0.151652634036482
"WWQOBUZQYN",-1.09914948621481,-0.568578179725191,0.0835940947873694
"JHDNPEOONY",-1.37916731037971,-0.518195785052394,-2.1013318794176
"WNBIJAGMLX",0.873388267911239,-0.422583005281686,0.803314707181827
"NRWGSNQLCW",-1.03551382662405,-1.92963855320069,1.7518245872798
"LQKJVANMPQ",-1.05005997081311,1.85146661844514,0.380218464005276
"FTVRLUAIYN",0.135872032992301,-0.384825124897449,0.172246732112786
"YWNETSXIKR",0.518332429341569,0.144229422865591,0.183470677078479
"XHXSMUQANP",-1.66547352978535,-1.23344094844212,-0.393575589859414
"YLQKGCMMBF",1.11570029722015,-0.149554062260405,-0.0534989000093996
"YLRYDJKZZQ",0.488148011408756,1.66695486567338,-0.643105905506495
"FYDKBIVWMT",-1.34771366797198,-1.79146949468224,0.939800438122671
"BGVEPRWKQU",0.942607748953017,0.71959985431082,0.258239029643144
"EUBDFZWHSD",-1.16727100519452,-0.790925051347461,-2.02521831770065
"TRICYDPACZ",1.69883509841683,0.840515733023501,0.52617987595921
"PXFRRCFILK",0.406184166912663,-0.387884841181981,-2.16553113552818
"FYYMQDACDC",0.694285948666897,-1.28555532896289,0.161782474257273
"XMVAGXOJUS",1.23570166986259,-0.0438642270587974,0.971161977707282
"BAHMDCUWLI",1.86172568072355,0.691869632163553,2.5017469490033
"JCHUFVFXSY",0.970210237287796,-0.254348684912149,0.594171096039002
"WAFWRFOUNS",0.728753016806463,-1.1198343116914,1.3025128747258
"KNOMXSIUHL",-0.632119579711296,1.26360737955507,0.292358534009961
"JNGLBIWUYO",-1.12889704168016,-1.22999949475888,1.20067771433359
"EETBPJKOVY",1.19278345948073,0.199430686980574,0.321724817784055
"FCAZSDMNWT",-0.480754412778253,0.342818139338668,-0.229803759981017
"CQLLWJEYVT",0.393055786260945,0.877184199113535,0.364381500283476
"PDCHWLUJJN",-0.823240996436634,0.758887836565106,-0.0814203076012019
"MLMMGGIBLK",-0.135880814316919,0.372080522682195,1.39460190641668
"HDLXRKKLML",0.127463964234641,-0.518234185327067,-0.275355057983533
"VPKXPQVMGK",-0.418671642594269,2.14018834037154,-2.10107847005494
"SPZWZILWEQ",0.716516514789732,-1.04925323686185,0.292890563796105
"HZNZUXGOTV",0.580694727466998,0.71065608362866,0.392529573455621
"JKWCIUFDUW",-0.45702407589188,-0.0573572980732734,1.44990961804252
"UZMSOCDWMD",0.533411286304015,-0.789124900699737,0.237976069721212
"TAYBJONBIS",0.788752245410263,-0.0600159773815445,1.53841682356164
"PUTVJARBEU",-0.558381310223398,1.64330265848775,1.54145089135283
"UYELYXWFOG",1.24409703904435,0.354535652175546,-0.582650574849852
"BTYNJXUCLU",1.35486657340816,0.110361526287877,0.174184922593698
"NNROPZYWIY",0.603451314100548,0.201478825310001,0.342091471354649
"BSPPODMYEW",-1.13777396402488,0.0770797260426666,0.658997740747105
"BDOWHVELNT",0.655149795737866,-1.96228204222707,0.0351864969535693
"SHCKRSOLYS",0.195046063693085,1.58214531273356,-0.0455759342021525
"ETQGYHMTQU",0.0916453985827467,0.410019183268516,0.503971117131471
"UQSHSTCEJL",-2.12332987490631,-1.35436164315225,-1.00416896137374
"VBOBJTYIRP",-2.66182828004737,-0.491642093252011,1.0404274041137
"GGZDVGUOLH",-1.31944641688017,0.639830137860097,0.756870829021073
"SYSYANGMPG",-0.20681211814147,-1.52334278969115,-0.907640481571262
"BSLHMNQQQE",-0.246153689083367,-0.218866557363585,2.14838961388682
"FBWAFREIQF",-1.1207949440362,-0.540503140641823,-0.470218509595944
"NEASPETMSE",1.25610155939804,0.325684389628039,0.953760297608395
"NHPAGMBPAG",-0.511153359174423,1.22553748890991,-0.677017231045594
"QRJXOQQTBY",0.756955016489036,-0.47930973878203,0.751293669099205
"RXGTMRYZKT",-0.869089290521203,0.470406253215706,0.692162078303615
"JQCTTEUTDH",1.33904899928285,-0.793901369145028,0.683460492466247
"LYKEGYCNFS",0.232592671809024,0.438732792157869,-1.09970693041871
"PIXSJENSWR",0.154614709841083,0.554301126148108,0.751734371272041
"EPKDUVZSUD",-0.0803950884543099,-0.579215747586871,0.546796807933558
"FBLSKTWONA",0.831659278778949,-0.0454779581607845,1.28390911102368
"YUDLXPKMWR",-0.832295286133622,-0.385640491104184,1.85402859839547
"EKXFSAHVLS",-0.383921130238293,0.354037166514879,1.06739625886157
"YJHVBRJSKB",-2.01639355225947,-1.80967217808525,-0.774696627456733
"LVIPWYJZFS",1.21923047001836,-0.319597061907851,0.579547981139021
"YYHGIGHTWJ",-0.692617591473998,-0.578084374441838,0.45272843965512
"GKZGMWDCYD",-0.731248345478866,1.05990278024789,2.2064558925043
"MQTCXBENSX",-0.0845626257077819,0.26588300220659,1.33148411759189
"EOBPCLIBCY",0.737515660317363,0.398871058078296,-1.38352740766551
"FORUFCIGUY",0.104955108602256,-1.40512794251301,-0.0346600232990302
"YOGJIBANDO",1.39178172228079,-0.330842158683423,0.80129057875693
"NJMVRASOXX",-1.32749083354055,-0.34364972967106,-0.259384568253496
"ZCUXSOPJQL",0.550493654456693,-1.29812037161447,0.964680993717068
"TCWQGOZEVA",-0.0431436627430639,-0.546707632314943,2.0867703721371
"LZAKKLDHCB",1.87909101069845,0.405233046113431,-0.404570041393906
"ODGOFSEZHE",0.172546209650578,0.0147947559209685,0.626614195010497
"PWOTQVIZQT",0.411889556232873,0.904508575311773,-0.610619469661195
"JWHAPQYVIL",-0.284380024684363,0.0370762336845472,1.0216212325479
"XEQDYGRDVE",0.220809222510954,-0.620842882570597,-1.33212720864506
"DBPXOYJBJX",0.347103826344207,0.736808192603699,1.27719156407823
"PQHDBZYJXX",-0.205776428846554,-0.054981573836646,-0.0791395393933077
"PKYZFKYGCQ",-0.641088253611561,0.0551358357093251,0.985212007195309
"BYOSPQDJON",-0.929373709449867,0.323916517831621,0.0816923923159003
"FQKABAOOKS",0.82861985683476,-1.06257343378371,0.513009137138219
"NFCLLAUMLT",-0.294609699214801,-1.42670128012518,1.72306717966689
"GFQQJPBAHM",0.181136747068352,0.431663643324042,0.484813214438539
"MZECTWHDYW",-0.540615553038059,0.054964965447276,1.09715571286902
"KWBBGTUBGQ",-1.04168769413647,0.555481581921281,-1.29506758165006
"AOMBVBTRCA",-0.220388346420898,0.604858659081731,-0.840869433377959
"UHMRVZWGJU",-0.434132212129188,0.78642820872688,-0.338740662572973
"HQQYYMSUJR",-0.968008893021381,0.978601760165829,-1.13194396010349
"BMRJZYPSTE",0.37095574829784,-0.0523057047992143,1.21312849498795
"KOWOCGGOWY",-0.995168243761083,-0.379829585545753,-1.05639658030331
"FNJRTCCVSA",0.520367794751957,-0.980160421654297,0.173166202584421
"FRZUPJULTT",0.721424569959355,0.0749094926312952,-1.16098209252701
"IWRYFIPWAV",0.0879289387325175,-0.0492935022912826,0.456810056444689
"OFLVHJWOHX",0.573801180812555,-1.85539894610579,0.397551712754272
"OOXMWDLHQA",-0.532624272999018,-0.721143901209245,-0.569916756437054
"VUNZCBRPAJ",0.113437958356337,-0.230816188947911,-0.781142135787981
"ACZTUBCSTV",0.479950572876855,0.659576205625925,1.2330589926599
"ANFYUEYWGO",1.42108043365761,0.00868512684444064,1.5605287666659
"ZULWFAFSIF",-1.34486747612009,-0.0161254050909893,-1.01444367442371
"TBPGLAFALJ",-1.78382736987598,-0.0958514003629616,-0.762422145911787
"HDSRZKPTLO",-0.0265739883970332,-0.430614370633584,0.83131832520242
"FZODMOVMHN",1.73951208349997,-1.15619566049263,-1.35331153751758
"XYOKSVRLCX",-1.76667947414452,-0.73725754929276,1.31924437904621
"PHHUQZNSLD",0.525837223126278,-0.639089102215061,-1.41088431795198
"WFKVCNZXSZ",0.187655860909937,-2.16239813855153,0.142610032753015
"QKCFTUBDJK",-0.0600014199115615,0.813559870413893,0.819192149403244
"VISHVRUZRU",-1.04582617870876,0.106201611196946,-1.01388066346499
"SFXQTXDWLD",0.21007669430311,-0.804317448990801,0.739113127467024
"CMBGPBCOIV",2.16824424303729,0.246312536814919,-1.23338734452445
"RNQRPLMSBB",1.72489080866758,-0.241632006791077,-0.753749561894113
"MXYJWZTEJS",0.114693239078811,-0.479520901315741,-0.292120297023226
"UKUAZMYVXM",0.594480183697088,0.0979439031602052,0.280209967569707
"WADFEIEFHV",-0.344016933649202,0.902420290539956,-0.887673133799263
"ZQRDGUAVYR",0.799657710959131,-1.63994725760915,0.772026335475824
"BEBJGCFOHA",-0.456385894625599,1.94925598697332,-1.06427012471716
"DKCNKPODIC",1.24833092489323,-0.377518002133303,0.322344082072601
"JSPJBZNEOD",0.738676411201382,0.931379587528896,0.920877673100369
"RENFWLXNFO",0.504249156525958,-0.847740673670178,-0.318235163387243
"UZBTALLWLH",-2.67383655255906,1.06029176277002,0.299889140794023
"JYQXVDFTFA",0.0320537135407316,-1.0212794894083,-0.842251806909806
"PLCBGQMHSF",1.86648619423866,0.510985399325739,-2.01231486966225
"XSCKRXWNDQ",0.245935593274406,0.089063206852036,0.335111357847478
"YCZYXFXNUK",0.381531983132408,-0.429004493067272,1.861539480837
"WHQCECFXJQ",0.184655878186691,-0.297629595475699,0.454060762031835
"YJTTFKKTAB",-0.196288300838098,1.47910236582649,0.105065672156493
"TZIKGIUVIZ",0.676911373611265,-0.781731329258187,-1.68172961498608
"WRBXBVUZXJ",-0.450367422152866,-1.02717604259348,0.380262622400663
"ITNATZXPCN",-0.288210157276096,-1.61300365756534,-0.552815926858414
"WRTDVJOOEK",0.0664033898267902,-1.1786286915955,0.0232591479788229
"PNDXMLPCSM",0.229161910520677,-0.250012280561226,-0.633896703028307
"VGYALQRACU",0.0501813553531143,0.865881563924459,-0.00775784797125663
"CXUONNHCHI",-1.59593240655509,-1.48257312498477,0.190151170342364
"NGKVIBAREY",-0.321636725183192,0.89028109549371,1.33670427676054
"TGCDBTBKVB",-0.664735119136402,0.395263065450817,-1.41735924886449
"VQOARUALNI",-1.4935372379556,1.27975932392639,-1.74252473783713
"JKNRCJKLUT",0.699573688357448,0.922979092581269,-0.300997690158771
"THISGRGAKK",-0.333809137876514,0.543193597663479,-0.735967056164457
"YRJUYUKZLN",0.223402707412309,0.619376568013631,-0.248023721890323
"GZDHIPJJNL",0.709936226951814,-0.797922318753141,0.225754555769201
"XKDEMXFAQH",1.40318111810461,-0.670826408691743,-0.450870099864585
"YYXMOVWUHV",0.617706543986523,-0.754772560094427,-1.1775746127382
"BBYCTZYXZZ",0.490050641181801,0.151868688090264,0.952032364779705
"EVLNHHSQBR",-1.77260994465783,1.31657955314095,0.214307363287068
"VVGSKVNTTQ",-1.4149244449464,1.26004722400909,0.943745872319762
"RCJRQIDQDL",-0.299859749561751,0.0397318981784623,1.34054647999834
"WTVOVFQIYS",0.319957258943299,0.390993939876593,-0.360290608436209
"ZHYHEKNNCG",-0.343937660346763,-0.368489118253124,-2.34811858497908
"LYSKWMKOAO",0.96401237950805,0.405213601159744,0.862210352442984
"OAEXDUNFIY",1.65277037570567,0.0959190735016738,-0.290732413241673
"BCUFVRLXVP",-0.687829617400725,1.28817188025022,-0.685268364640893
"FODIAQTQZT",0.710876175486307,0.792734946927128,-0.477109615842039
"RFCGQVYYQW",-1.05983118780581,0.808548571037217,1.1009283145787
"LAMMOVOBPQ",0.199321830000598,-0.975906743044898,1.59794741723587
"FJZVPIXJKF",-1.34725321404043,1.2836810331115,0.692305007322313
"YNUEBUFSZY",-0.576764985583648,0.317406200098371,1.01311422695451
"APLPZDNNPP",-0.216047569815954,0.760239063568688,-1.28128068441538
"GSAJUMKTXH",-0.798661456305584,1.15393423361871,0.692226484191165
"DVJZVJXCNA",0.164278543460126,0.120869361542061,-0.674458713852779
"RYHLVZQULZ",-0.674246147256098,1.27880160601902,-0.945249041855199
"QLTXBSWXKF",1.21227636372014,0.420782272294944,-0.586687823136375
"RCMTNBTNVA",-0.71678447861733,1.23954214326885,-0.852924816823555
"OAACVKPYQO",-1.23234019133926,1.74275099567282,-0.257271396316341
"BTLLJTTTAA",-0.938984306652905,-0.389176876080184,0.666708133060685
"PFBLVWTJUK",-1.24372475351782,0.056814635349507,-2.16838812277445
"WOXKZFBYVB",-0.314399181964088,0.0030201418414541,0.00239439199991731
"NSDKVOCOSB",0.0927386185540421,-1.23739641780001,1.41612520263342
"JQYLVVRRSQ",1.62922241694351,0.566052716031747,-0.438542088521235
"HUHBGIVKQA",-0.319698469498478,0.241581978476493,0.99883927203184
"WJITGSIYWV",1.53804765475801,-0.705549084070398,0.593954682771662
"AAQRSSQLRW",-0.191061213091943,-0.122087624422901,0.67328095427658
"ZLVVLWNFXX",-2.43020110772335,-0.364229047640402,1.24233704588357
"XRYDVREUXP",-0.242700120037292,1.56442219682002,0.135913856389225
"LCJMKYZDSJ",2.23498195486513,-0.274151579516057,-0.0389063669307009
"UYLBUIODXO",-0.105036033457047,-0.940171411904302,0.00699969088877431
"LPRWPXSFGT",0.390871365550454,-0.669375053007391,1.88602917378154
"YDEMSOFEAP",1.50114481997478,0.313599379014585,-1.96372777409332
"SGFECCSEUL",0.831076216001915,1.44992491734464,0.205577911998694
"LDZQIUXULI",0.0542808866363963,0.452255181604352,-1.07007359845382
"NRMGTYUHTV",-0.278151238452005,-0.531251199710488,0.694966812908122
"WLVRNGHBPI",0.650159015645805,0.199052588496167,-0.917932308326809
"PFQGRQUBQV",-0.575898650169703,0.58186001815771,0.418310602492354
"VSSDMFHIQT",0.556463728569614,0.300587527583975,0.0711308493111029
"KESHTHSLSU",-0.599041822660062,-1.45102849717034,-2.54747809196914
"RMPUIRFPXI",-0.223568059940475,-2.05105257965708,-0.308775947796337
"GLAXJOZBOP",0.46089997706635,-0.798397397721488,-1.04852534809645
"WLRFSWGVKZ",1.67892453329954,1.22587268527329,-0.189396330013217
"IDPKHWGBKY",-0.7273576525687,0.790125069655545,1.66895232659599
"RDEXFNJRJG",-0.566391149107984,0.629286745882796,-0.137822102761254
"AARBWUWXZN",0.701476806012266,0.913228265346099,-0.114996931395779
"QGNUKXEDSG",-0.234509129079837,-0.0998999890563488,1.55153151066412
"OLJQHYCVNF",-0.505011887781356,0.791878126169476,1.34823487275864
"TKFZZACGTI",1.41145425364932,-0.493344434981967,-1.09455068616174
"MACOHQMBGJ",0.266798904325479,0.108748302071251,0.565739066147327
"UJAHKZMSLM",1.08400423800699,0.714978041151734,1.90231323966356
"LBGEZWHKVS",-0.745857563808811,0.384581191416742,-1.71987955050035
"CUFWVFHKOL",1.76812010177768,-1.98998230121506,-1.49383997935723
"GVTYJFGLDU",-0.398048993867636,-0.151915277040333,0.734973806919192
"TXEXLPRYDY",-1.03328968277328,-0.972694712561773,0.519740283469172
"NEHXPJMVSB",0.112765586723735,0.306651892875933,0.289910313605424
"NICCHBXGYS",-0.360192382457429,-3.12919169900193,-0.108529804069532
"WNCWGHGZVB",-0.557640146426645,0.198519380986742,0.365449126872757
"AKFRQGPWFC",-0.702457243592247,0.834784306920018,0.439218376415704
"QRBKBNQJWZ",1.25977377105028,2.39426583774486,-0.881759359194224
"VXCWTIICZS",1.55102788126069,-1.2832541287589,-0.279073259765794
"DFHPFTOQBN",0.289312723207985,-1.88246015750737,0.94876462196823
"NIXKXFQVZN",-0.366464973495367,-0.083480146473705,0.914482296699168
"LEIERBAXOP",0.392286898862636,0.844496756050962,1.34999181717293
"PEICFTUOAR",-0.862823442676961,-0.287678570794208,0.335355625345469
"FAQCXZWPEW",1.66445335959514,1.80981509855863,-0.700474764575761
"KCMZTVFVVE",0.420276370285664,1.30688963040483,-0.83023992804222
"NIREJOQXQB",0.735536546121267,0.466757117521642,-0.0167871264827171
"JRUAVTHXNR",0.510687470807292,-1.07594870879474,-0.699192585512188
"PDFIHSYLJA",1.47826056466427,0.0197568941123482,0.576077991833529
"PPAWOOPKWV",1.20408675228311,-0.0611204146268419,0.618437157065579
"BJDOWGZXUB",-0.229122271027455,0.749285220988617,-0.600606801378909
"LLJXPLBPSF",0.931604465448853,0.639146363569038,-1.13101652698603
"AMYXWILXVG",0.713532494439925,0.658142287533108,-0.508165572391376
"IXSDXGOLTJ",0.247246980173327,-0.272303846213247,-0.316496183091254
"UUIGPZWVXP",0.418500702331556,-0.0567259089116258,0.305948576002992
"PIPFMEFPJB",0.311586633188928,-1.07270060174031,-0.378827132772887
"TTWVQXLTHB",1.4452922578174,-0.226017824637537,0.491502420873296
"NLWSDONLRD",0.0020498906400557,-0.43890650889938,0.791292756044252
"DFZHLVCXUY",1.44121071661037,-1.33199600098588,1.00550620655449
"GALFYKLVOK",0.232685901559367,-0.0703892859202734,0.384593121178788
"VVJHFAPEXH",0.549052649848516,1.06180626043666,-0.792649047087016
"DNOGADFJYH",-1.31284826443051,-1.75869899551481,0.400928718561905
"WQFJXRUWXH",-0.350683557440172,-0.127821696774406,0.520599460544401
"QELFRFVHAJ",0.719116673491104,-0.396885374305284,-0.163417724911797
"GCJUALXNUY",0.901918496225095,-0.52292519075499,0.581048805410578
"QZWCVXZOAJ",0.182207619272375,-0.670237133020423,-0.0858039157503549
"IAOKDGFDUY",-0.693956626677025,-1.17501118751779,0.245506153378371
"EMHYXBXMMW",-0.396114086936431,0.0468953247022578,-0.516876709387321
"BIPGBFNMFG",-0.156371500146958,-0.0903204094307613,0.915631789254051
"KTQGMEOKSE",-0.741776243346648,0.493193570960754,-0.0117200070636998
"IUEJOSUAOO",0.920879396656341,-0.25237407814699,-0.770547179501132
"LZGOYYNUET",-1.54752606666534,0.529663156736773,0.618046598132108
"BUSVSHEKYF",0.0137300036666404,-0.49996027896426,-0.60335047454418
"UHIDDAHLGV",-1.3141553156553,-0.188726649975409,-0.850012409031189
"MTKSMJKHCV",1.51541347409424,0.956199135866652,-0.620972035452606
"CFTQZMOEJW",0.486536152462643,0.855972214455188,0.0122005895851201
"WBWXJLTQKG",-1.38367331954997,-1.36144146362665,0.88269212320383
"NTAGMGWPJX",2.0689422436302,-0.784399803428953,1.30760853781402
"GQTNHWLGQV",1.26490742850581,-0.208068983807193,-1.5177402580933
"GISDDSJLYT",-0.787097521804388,1.2095537989008,0.576830875450834
"WOSGPJTRYQ",0.971855381015602,0.2020000265394,1.01722640498036
"JANRFNYVRA",-0.676904475954925,-2.15184298756675,-0.17301543097371
"FQOIGZZIEH",-0.759556291635268,-0.679004810755044,0.04973307424556
"PYYKINXXNO",0.230681318193166,1.01619357039266,1.67345413113468
"SUXOAAHVOF",-2.60417716841138,0.247574860718329,0.576685548312797
"CQQPYXIEUB",1.60250265031202,0.657251016950166,0.31394721963897
"YGHOGPHSDY",-0.724819230251899,-1.34460706216176,0.177499809107256
"CTGNLWXKFQ",-0.424627654119647,-0.271554606294637,0.539734836807895
"YTDHBMBYXC",1.77668887545507,-0.149650730184347,1.74727145316869
"UTLPCPJHJF",0.272561947223514,0.016497383902255,-0.0818770524645679
"MQFSZUGIWW",1.37199412874207,-2.08908911759726,0.751013607018114
"LLOLVZOFWA",-1.11846836296965,-1.18633203444919,1.41035127806312
"ZZKDQLUUXQ",0.0135398729280423,2.03964841384616,0.233548300743922
"HEZSHDVNVR",-0.736270715033676,0.52119384445604,1.0397874727527
"NKKELUMDOU",0.647563871103272,-0.012329417234289,-2.09674054508653
"ZKWWACLBLU",1.3361061188385,1.06044496267029,0.825362650969202
"WOISTTXAST",0.420278025226713,1.98658058456546,-0.803017464468766
"VVXHBEQDMZ",0.91350705253139,0.371891080071963,-0.194169982355126
"ILITDCUXQA",1.20370205295535,-0.158851134825389,-0.685110922951446
"UEHNRGRGUU",-0.497341228406988,1.14264796288952,0.0840748582603182
"MIWWCNRHSC",-0.483100641143565,-0.0917731098066776,-0.780948009812033
"ITUDRGJVZE",-0.115254011020585,-1.2592960656085,-1.086312641208
"AKYZLLTTJI",1.07297882656112,-0.137869568237104,-0.568777193058331
"DIOVNMWBKL",-0.779789638350625,2.43803833544436,1.92260659802423
"HVNMZSARWA",-0.263618320006934,-1.09408781492726,0.155290775903021
"MFLNNPSUPO",-0.229471368960498,-0.254673570359514,1.51326288300288
"NVUNUEVJJS",0.0401095723159433,-1.92734125449061,-0.160315422030174
"CEPVDRPYGT",1.05229514212819,2.18374700513435,-1.16605631822571
"LRVOZFCOWS",0.0591457453598831,1.81937340419986,0.53907152917175
"TWMYWEWBXI",1.35334418473395,0.0378255299302912,-0.431023637931064
"PXFWUOQNXA",0.245597552103579,0.0654941955909849,-0.579714128438196
"ACWKPUYAIN",0.651719765262395,0.168031089056138,2.08763555542528
"WYFYLKXCPX",0.346172715025089,-1.08692708034914,-0.008355120589438
"UHEZRPIVVC",1.06735186584637,1.52589676519745,-1.763752839807
"PAHHWTRRUU",-1.64949905377374,0.150918530751797,-0.217799444605195
"IYJTAXQZLI",0.915377445778482,-0.797740596697463,-0.464764049003267
"NMVNCEQITJ",0.529796064823435,1.46972629521704,-0.834631503927478
"YRXZGDYXIV",0.772404823698175,-1.32839957381019,-0.377568802494299
"HQDRNVSRHF",1.45934819247557,0.387731703159475,-0.163458731625813
"RFRIVPYKPL",-0.439512640726474,0.00614487594584157,0.093248170014098
"WNPWJBAOJP",0.283976650826812,1.08187224979714,0.887728942044373
"DOMYJCCZGU",1.08239976251055,1.15283797174808,0.325917581551069
"XMQPGSTUMU",-0.248432095500132,0.0625690945715843,0.273392087152915
"EWFPFWZAPZ",0.272998524986441,1.64342936218892,0.733186140484894
"AXOXFEIAHY",-0.623009556544625,-1.46007591441036,0.303304540873013
"HUTJABDNJQ",0.991244570216135,-0.112485384208699,0.106285255593475
"XKHWQSSUUZ",1.18116255240102,0.0045667832443008,1.50189711949955
"FKBACCCPZR",1.95572493850968,-0.006271880469354,-1.03407258341473
"OGECKTPGZD",1.56858583778208,-1.95972800106544,-0.97326959099623
"WYSISCRXKL",-0.0633911841517094,0.366685577955332,-2.27478351020335
"PVSAZCTEDU",-0.379791174450252,0.6595302269824,0.247200932081277
"LNYDPBVBIM",0.331385340493157,0.980143667608824,-0.683267870894414
"JQDNSOZQEX",0.969813410240505,-0.471823713574123,-0.365896272238413
"AZTMGMVWBF",1.24989529907375,1.2676582582023,0.963967526315703
"DNMSBVDECW",0.585883285792299,0.147295855344105,-0.858900867271742
"NXZZCNWLNT",1.36348162539843,0.406588764724423,0.341790297173049
"JJSUILULZB",0.359072112891446,0.639494108916872,-1.40600724112437
"WVWMUDJTTN",0.621314997174988,-0.0428317736287556,1.93666030337777
"CMWNGHBRNB",0.351563958561165,-1.82011509503268,-0.445283081419771
"HUUBSGXNDL",-0.428918258335454,1.70536389177762,1.47307769019058
"KEMWREVBDV",0.869049057295885,0.287622226518022,0.0955637882762049
"LZAUFSFHPC",-0.686799444569345,0.121393633962491,1.27565345060181
"OEVMPQUEFR",1.19964157981163,-0.265597487886382,-0.20659787269585
"RRPGLYHZBB",-0.137936049404971,2.12666074386664,-1.9429906562683
"AWAOAJZDCD",1.42318628786293,-0.072356499398562,2.00085219000648
"PESDHGGJQB",-0.95225803709238,-0.76327703825173,-0.219000661360362
"LINMEEPVKC",-0.156867326984484,1.27568935008093,0.956150988024782
"QETKHUPRBB",-2.16188562628627,-0.313797278062915,-0.145129799006672
"YZWSMOBJAA",-0.0542727474776599,-0.150742760887364,0.836161652598574
"MQLROTZGDN",-0.469932886027446,-0.668083020777404,1.7581553839447
"UWLGYWWYFM",2.08085382396181,0.942966165433495,0.694701645849648
"NDMIFFNYWH",0.420965509969839,-0.783235982291956,-0.260477892235287
"EFPVWZBXHH",0.666736681748567,0.790723016118879,-0.123849155953619
"WFEFNSJLRV",0.471629454725065,0.834661021282132,1.48680695383079
"FJZSHSZYOD",1.79004290640238,-1.10281115937186,-0.135208447202557
"XNUPKLTTJG",0.242575270174,-0.793330012224143,1.59528279590197
"YOYHLXFCEV",0.10581992695756,-0.581825234244475,-0.805542459314546
"UZDTIZSYHB",-0.789664769045816,-2.36839721443802,-0.915121697980555
"JSXMRNBSPP",-1.46759146568384,-1.33428102244147,-0.500155113600556
"YLXSIHLYQT",0.412689189968307,-0.123972133210711,-0.474816334483182
"EIHPRXNKHV",-0.614291022991865,1.38939647390975,1.5560812671537
"IRWDCVAVHW",1.21025753341558,-0.971091192881426,-0.982438174130671
"JLQRATHDIP",-0.415527739037332,-0.592137368892565,-0.397024185961521
"DZDZEXKIRD",0.943745867594014,0.612064912680493,-0.62646253513236
"VOUPNLLMZM",1.59059736002671,0.769230512151718,-0.193469461208424
"MMCTDWFJTX",-0.409307364324632,-1.66683010163685,-1.19901685172403
"QVMZGQZRTZ",0.990629518060771,2.23371858557691,1.32922250016067
"WBYTBHHNDX",0.132555947738383,0.764619270018731,0.850410332474764
"LZKMVNNKUJ",-1.06918565392082,0.0750978404901812,-1.0627783083581
"TPLUVIVJLG",0.650445802523278,0.0693480554111219,-1.03018536014947
"ZQAAXXFSTY",2.14124018490688,0.437763017975481,-1.98276143106492
"UIWQKQYNNX",-1.59278250231573,1.20196076951702,0.494449786384711
"XWDOGJQCDQ",-0.970929336096592,-0.908178205241238,-2.52821229430779
"BHUPPRPETJ",-0.439848775351368,-0.500705486509897,0.488189377113468
"APICZUYOEL",1.11647767275942,1.01938333731642,0.150380691293881
"OXIYANWLPO",-0.254726237403871,1.22026598550267,-0.562589427203224
"UYYFHEFPVI",-0.207785015507294,0.577887388312139,-0.474531262689618
"LGWXUNLFLK",-0.715149501874651,1.52681205805927,0.229144547679338
"EXQSKIMZXG",-0.24431592733311,-1.35506567192198,-0.523387643611543
"GKQERVOWLL",0.270358418426637,0.9662581442309,-0.177722820963847
"DEKSWDGECZ",0.4162582434013,0.0686803237990589,0.85930841853854
"NNYPOBNSBO",-1.42583295715678,0.89826449927069,-1.21155058307293
"WNOPWCBRYC",-0.0244134432616255,0.776733552997173,1.09292532343746
"MEAKQWEIZQ",-0.762115198112822,-1.29295415899813,-0.805057997859788
"SHQHEEJVXL",1.30748792334109,-0.672589289486343,1.97782874330043
"UEGROQSRLB",0.283221706387642,0.109367817557752,-0.417450972874546
"DOGUCXUCTA",-0.303490692157302,0.343662574835085,-0.225927227127558
"EHMIVYOYEY",0.769023430469351,-0.298813416449647,1.77594061274345
"RTOPUSFLJY",-1.44030145897624,-0.485479843559475,2.5422494656792
"LILTTOGEPS",0.739923076501656,0.00875056384230973,0.172153126050498
"IVNLMXYFYQ",0.941475803035073,-0.443655300722379,0.585676507941256
"MHLMBHYCYH",-2.25542848894061,-2.42199956929854,0.311108502557315
"WXWXDBVDZH",2.09400634273275,1.75617622208015,0.924330052579133
"JTHQBEGNGN",0.737010486953324,2.71801054035675,-0.0664299611273958
"QCAYJPDOZV",-0.127296812353244,1.47981245758119,-1.33112130310633
"ICUUANEHZN",-0.657312257655631,1.50395995502308,-0.320617508202491
"NGNUMFTRMY",-0.200227454430634,1.05903271264729,-0.279653839778114
"CNYGXUVQQS",1.06631608056419,1.29265030553188,-1.14657707108365
"HMDNIGTLPS",-0.230317808006002,-0.1824422346632,0.613884274131031
"UKCBGZZRCK",-1.38776084467108,0.4710392816447,-0.48217975987154
"WBPUFDVDRU",0.259255170932646,1.03576149115446,-0.448061635924494
"NSBJLMOVAA",0.123740991558375,-0.0872202507407541,0.6159656744545
"GWZVXMFGJQ",-0.263417313285336,0.574084824789246,-1.73437442892876
"VZGBTDNLMZ",0.299361096867665,0.986778260916763,-0.172963174634391
"WOSXGXWRCI",-0.553613219543309,1.2883379967013,0.6865180987317
"CONRQFKCRN",-2.73316821570276,1.82095183729411,1.20033076347849
"YSANGSVGXF",-1.63092557575704,-0.545440502419444,-0.434537203722133
"EZQGVBDQQH",-0.207488206316672,-2.78170104082838,1.30058719798444
"RYHFKNRCGB",-0.489426907520669,0.368823334395186,0.381800628203427
"FFLZYGRMRK",0.254206115554182,-0.949418731303934,0.10714402371725
"BOHGUXHQWQ",0.0521290401848938,-0.712589562456197,0.245772937874554
"PILBIXJIVP",1.22594530367462,0.414186507613301,1.58036320940489
"IFPZTSKLFB",0.946710104656874,-0.785706612896357,0.37608327772593
"PCOOWVUEIC",-0.0737987974250962,-0.674630475138809,-0.916359526477332
"MMMDNCHHIK",-0.11370797567817,-0.312864455642137,-0.160887306919778
"BHADACLAYA",0.603258705856445,-0.889624832149192,1.08112531858029
"SXKEQJWUVM",-1.51019703083308,0.0619947190236394,1.20531987969243
"FGOBEPKXZC",0.43200204035476,-0.756844694679899,2.18928581495205
"ODUDMNJOIF",-1.1811310934358,-0.710451729885551,0.760060572287844
"EXPWABIJZD",1.72455879028366,-0.174140380502707,0.848902551398775
"ZPQJKPTMNS",1.0805431170522,-1.407265581285,0.94445247009485
"UJERBFNTXZ",-0.114860660728609,0.369327678471202,0.0779573591369183
"MJXUVBIFNI",1.73126586193889,1.25411928681384,0.653059536960646
"BTSGVBYVFJ",1.47870559283212,0.393301160772709,-1.6179860023232
"TKMLFQWHNW",0.0460533185005303,0.67728474065751,0.238166195882136
"IWVBDIVJPQ",-0.727386552900186,0.325792849293158,0.60183844014061
"DQSIRJAJDE",0.488497759535158,0.607966619859366,0.395915283852757
"MCJRLVZWRM",-0.3197366300679,0.325222864779443,-1.23402454803837
"JTERKLCPTA",1.33607939211824,0.443489127052869,1.33069461347703
"EWLTPGAHBB",1.01456233201805,0.292581832809194,-0.882770737364601
"TLBKVOPLHR",-0.0867315992779237,-2.01545029819446,-0.422585733846674
"XJIKJSBFAC",-1.13565771865319,-0.374588672654032,0.634522496496886
"UMSSPPSNSF",-1.72011415791629,0.40120020647013,0.720208274835815
"KNTDOPNNEY",-0.179982033410913,-1.13379490703402,-0.337809978151142
"FLWMQKKNRA",0.366427481689694,-0.27981472557029,-0.601506156278665
"ZIRVWDDKIP",1.24473477417077,0.512518283349773,-2.36825067132498
"HZPFFKHTXV",-1.06385520930801,-0.145970715826178,-1.1872881342381
"UBBYFHOBZG",-0.452228533302026,-0.364107703213862,-0.433675685323824
"POMHRDAUXV",2.19272348928504,0.169966287510054,-0.256327573843955
"CAOIZRGYXU",-0.049537295006803,0.447744217505298,-2.26214810746016
"CAFRZBDNIG",0.768152862150646,-2.68991330270748,-0.626271884020673
"AWDAUQLLJI",0.0461640600653168,0.100122804449402,1.28935521830273
"TUAFXAIYBQ",0.0592170045227724,-0.118305826187283,1.65353426915385
"WUSQQRRGIR",-0.274943166176385,0.146192052477726,-0.230257870459781
"XAEGMQCUKT",-1.95649308191189,-0.0550242623429847,-0.0108086762564208
"LNDQXPRCJO",-0.280174614619216,-0.688001575467872,-0.310846907827874
"YFWMFUHKYL",0.801050681928865,0.458313488965019,1.08421794917356
"TJHTIESCTH",-0.45256560748367,0.365537695471291,-1.74775064056937
"XXIRTDWBHM",-1.34976694525208,0.434751802979632,-1.08293359759306
"IYEAGIQMXQ",0.994309591088371,-0.503774459510877,0.376516183038756
"MZPQKBAAVM",0.0565381562338025,1.21641254889106,-1.35717703888297
"JSDOAKBRPB",-0.306213405601134,-2.07318009841897,-1.36341533221039
"QDGMLAWWGN",0.382771627878438,-0.314311939950672,0.735990697958429
"AQLYXBSUTY",0.175661944805407,-0.902781288989698,0.586501031271944
"RXMHBSLMPM",0.0359124086302332,-0.150279766649792,-0.360957770245773
"UHMKFDWLIT",1.76015042748423,-0.567085300572793,2.29520793488245
"WMKGBNQEXD",-1.24176598036625,0.708960450429844,0.0574613812909913
"KVAFHPJKUE",0.430722547851659,0.861628825109407,-0.939542598848871
"VZOUKYTCRS",1.31681749759396,-1.5688926903849,0.543111390420812
"SYMKKCVMTM",0.731394107399184,0.518009948311945,-1.08242904323682
"NAQQUPCEAL",0.413818800158003,1.58390207539451,-1.43136461699172
"EXLTNIBGVK",0.768067190899104,-2.52094888641203,-2.23469490401435
"NHMXCRXXFX",0.770879988043235,0.987948415311793,-0.422515495427638
"NRRTUTYMEW",-0.204303439133499,1.5082662238958,-0.417401491371456
"AVXEAFJVMB",-1.30898720092911,-0.902127299358386,-0.452526273621299
"ZFLDYESXVV",0.254727240632076,-0.197793528802923,-0.136127066772851
"OXLULNRXIM",0.67021608896218,0.526353230412662,0.949362869163317
"YDCIBHTPYH",-0.233591269223685,-1.64129868928815,-0.532761893094709
"PRGGARKUFJ",1.3145606677414,-0.817423786296239,-0.792092215471002
"MGREIVZIXL",0.562453663639536,1.85670215626343,1.32898090236047
"DTSYMIEOGX",-1.30482541265288,-0.391770900210898,-0.44409723776223
"TSHPGCBHWH",-0.164250967126182,-0.0508382964817501,-1.78364275814389
"ATORHJVXZX",-0.719808308419735,-0.892091994258107,0.273456356782598
"UUUSGSDVFR",0.906454308447953,1.60602109471306,0.329025745697139
"JSVDQVIWWT",0.616275369907439,0.296211750364837,0.507833954865364
"BHMNFRMJPP",-1.09661065421932,0.40482272028292,0.130957207994025
"KANEDOUHAD",0.747052551048312,-0.193324024576998,0.0965260117286297
"NVZQEUJBRY",-1.51565398123866,-0.485284600467492,0.312323158366085
"LERNGQJPNN",0.0472342636275119,-0.406942702112708,-1.32302221022249
"ZHUPBHYCRB",0.39959722555354,0.181594988008425,0.920835615054987
"EULCMSKPID",-0.465120821339287,1.60926938980781,0.204010099552263
"IZAKJVJXKS",-1.00419917767826,0.824312378981633,1.87775148877899
"FNMUPRTXHA",0.205476480372651,-0.0855541751005836,0.173439997434313
"TMAVIMZWQL",-0.026753326078854,-1.10603456977829,-0.260070190735039
"DDECWEZPVT",0.631230657210389,-1.13290818505348,-0.902259537352394
"SQWUEZBNDV",-0.0180399050860568,1.69025095035044,-0.871900934974663
"JYYPMTXEXS",-0.282223039250446,1.92452522644786,0.224191081737824
"UGAXKXHWEC",-0.365524579044173,-0.487654028951308,-0.129229509220223
"OHWODSDVUT",0.206997928959234,0.86449679628957,-0.0618457637496605
"SQKQRLPVYG",0.216323062452676,-0.218329850867364,-1.05863724167518
"AQSZHHVAZP",0.0913342469407466,-0.128284106496847,1.24917205286982
"MXOPNFUPXR",-1.13706171709548,-0.286185578461331,1.35651460202495
"NIUOTWQTDZ",-0.0505965797593455,-0.34990775646557,0.734286221794747
"NCZCJTYNBX",1.40775011792098,0.700627869078086,0.577980469929696
"GIKLMGTIHA",1.40981724737048,0.114318814359361,0.965298307718734
"ACVMQGBSRM",0.963282795541669,0.35788379836409,0.262344652426563
"GMANVUJYWN",0.136404401280911,-0.822055288042202,1.69783428604255
"ZYXHIZTBUJ",-0.416555346755174,3.0017438709121,1.23311683740337
"IGWLBEXHNW",2.00114305187953,-0.0471428161253867,0.225112046800176
"EDZLLRXNRM",-1.78625156900982,0.926785056318273,-0.870490396142719
"XCZNNCQPPL",0.479521260694251,0.972837988242833,1.34062602019399
"PPKHONMJPE",0.0589875153361438,0.695242503626669,-0.383054629099682
"EYAGPMHGGU",-1.58953047414801,0.0213239687575605,-0.510442710867556
"RPVBROJZJW",0.926516340587085,-0.0987750021536079,0.759172824651909
"DBCDRZRQXD",-0.650225612061018,1.91531151585254,-1.30938735484866
"GEUBKKGEMA",0.0453196786270187,1.48159016038514,0.343586223151679
"DVSIBAGMLG",0.881955046790493,0.0130038279086134,-0.00682488362597701
"KVNKXMDPUK",0.31260222212332,0.495308035344946,-2.03994697905117
"KVRVCHHKIC",-0.312606626204888,0.433812947536413,1.37173246872929
"NMOFDJZYDE",0.641756732746109,-0.640201446639412,1.28488355000326
"HSPJMWXKIB",-1.46750239049081,0.309725432990884,-1.45942507084128
"WVUYSIGCQB",0.457315156738699,-0.769801653556222,-0.551308807453089
"OOQTNIIHIM",2.93997391954309,0.19152206121626,-0.251921484005573
"YEWWBQXZGO",0.0572463483119864,-1.34344532683606,-0.00692341623599891
"ULGWXWCEVR",1.24059428895452,0.145702602857285,-0.20974454544971
"WFKUTONCTE",-0.383331914349335,-0.584899183722147,-0.195561032271891
"ORUPQMILAY",-0.417457408175364,1.76014902075751,-1.21598359284191
"LJOGNWSQWD",0.915718219857521,0.18451851066134,2.23011469553639
"AYWFPRYBAN",0.311693080682233,-0.699176897242889,0.131756157747832
"JRFSURCMRM",-0.135276968886617,-0.12798909547132,-0.935268146917456
"ELKHXGRVOR",-1.54578322421805,0.127741123760003,-2.15333483488598
"CXEUHSAWAH",-1.24003399440135,-0.48437959011437,-0.959207107374127
"EVFVMGDHBZ",0.978057139699596,-0.811670820362183,0.73994138469137
"OIIVFIFDWP",0.343097883998937,-1.25652933416211,0.0273934341986211
"LHYJRCTDRY",-0.104334118526842,1.34083674561331,0.500874408099158
"QPYCPJMESY",1.5823533909924,1.30443796459486,0.759609021083578
"KEXLHQYEIU",1.66472555694321,-2.16116300275943,-0.299987926456739
"SFUOCQXQDK",1.16059505966391,-0.00351052321685552,0.519024596555611
"CAUCPVBHTN",-1.26616772073871,-0.102484110490297,0.290530655878947
"RPJGRVZSWE",-0.201021797987883,1.06318387058368,0.773143245792167
"YILHWJENNX",0.031936986146636,0.703806344564936,-0.192823867238297
"UIZHOIIMBM",0.388012854149659,0.3842641055933,-0.553770792041258
"SITSRUKAOC",0.0404065275407544,-0.419297379039195,-0.00988347413990404
"WALTCJQUMV",-0.451700746052107,0.103632473149217,-1.16225910295399
"WRTZCQKTYG",0.147115972539653,0.5545253910428,-0.0132744883423769
"DCBIWWGMEB",0.74824805744859,-1.26227924418589,0.331132764176895
"GDJWSTEIER",1.97403536795378,-0.474976232871744,1.16423951620123
"OZCJECALMX",-1.8992581407372,-1.17045266661616,-0.400219806132089
"TXMFFGBYIK",-0.906917457489066,-0.296927788582807,0.683521871452475
"STDUDEJRRS",0.539197343439311,-0.700471601907573,1.09033747014592
"CQKDUNFTWR",-2.96031010041388,-0.870210255744835,-0.624606347999105
"DPGYBTISBG",0.723448276608613,-1.56528990384587,0.0794018994061881
"MQXQVHGFOE",-0.252718482335961,0.31954451707957,0.377695565582876
"FETIAOSICH",1.13438293251765,0.538836872528557,0.978850303812021
"UTUHEJQFYS",-0.080926845935785,-1.25752973264273,-3.33153755494029
"AFSSGRKMTV",0.279796283117509,-1.29490587212848,-0.505492305305675
"NDDQCCFZSH",1.25149726620477,-0.126735774702813,0.618212479230137
"YPBBUTYABW",0.363972174254475,-0.0473763845360167,-0.708267213765823
"RJFYGXQZKS",-0.726914182338175,-1.89475413453217,0.280008257797746
"NQBRSTNEFK",-0.0146465025362196,1.3274344997144,0.710699120277122
"DVZBTKXHPM",-0.0467315814524809,-0.92290812505325,0.241110759554328
"ZXIIXPWQWF",-0.711228795264753,0.282359093184728,0.261779853017423
"SLHWEYGTXY",0.54756346235972,0.499648189625045,-0.984135972659436
"IPEPLGMPNB",0.123129257904803,0.309494904375532,-1.31785019745599
"CFTKJLENHV",0.410398958562244,0.586244611835183,0.201188473290253
"ZMXXYDZJJZ",0.164338321076495,-0.293885548025054,-0.964160661201473
"IDITYLNAJR",-0.193080457862304,0.745552116239704,-0.638679328986386
"DRGTNAXDAQ",-0.134295953423718,1.85804143045052,1.47008751130777
"BLAVACDKEV",0.911352459149027,0.0722295168712999,-0.687505274032326
"BKEPTSGCEP",-0.801554414374038,-0.376793421121193,1.37757571456423
"EULRAFDKMC",-0.0471135850678949,0.000515714524880615,0.517216575776843
"ORBNLQXHIE",-1.07096053972675,-1.19040128661164,-0.121456958315113
"QVKCHEMZGM",-0.317848164683424,-0.304420737167052,0.418705931936567
"XIDASMREDI",-0.371898613227477,0.177523605681114,-0.167358529363449
"AAXPYNIAKM",0.875641242203245,0.864741743734311,-0.0252606026119525
"IGQVQKQTXR",1.48672374156652,-0.176422163227795,-0.200287722220031
"DCLSNMACGZ",-1.07295878846219,1.06044371055273,-2.6935285537503
"FZOUNYRUJR",0.47309209401726,-1.81100173638024,0.535351759837895
"HAGBGGLSAX",0.24392305617467,1.61735408832195,-0.37930573104119
"TYPPXIUBCN",0.141775649540231,1.26038728259694,-0.177863059259776
"EODUEIQWCI",-0.186316986623709,-0.989808475710086,0.862231633200074
"BKJWHKWXPE",-0.196118280150013,-0.990743390354576,-0.965133818027804
"TATOHUXJWB",0.43914776940299,1.78588649271004,-0.914865376073032
"NFFJOOZOZN",0.511288250776181,2.38880039087837,-0.228054556875956
"PFHDJIOKTH",-0.796727383677853,-0.137585021617004,-0.0398201489976367
"AELPSLONFS",-0.882940169515999,-0.0789158932932293,-0.16374476377543
"BSHNVPQZSV",-0.398039258724374,0.0601889021783515,0.817783017594472
"VBQYIWUKED",0.441694020519769,0.0256593813188317,-0.493585482035635
"QCQEWXMZAC",-0.32566665012287,-0.54102084587471,-1.0335120440551
"TRQHIJMHVV",0.183111820767441,1.64535752922568,1.07904428989474
"PHUIDSMDKO",-0.736504877874343,0.962074134097468,-1.3620941213763
"TVEDGMLGQV",0.147146478600516,1.14624778897299,0.139263008272939
"QMJEQTRGOG",3.16591841676027,-0.718844405357684,-1.20403043989611
"ROABLDULJD",0.938280722343299,1.91151977755155,-1.97474160631077
"TNCVMSERSI",-1.88606047181077,0.672216083803698,-1.03651514032852
"QHUEUZYUSO",1.41563670024215,0.569194339320817,0.871447186863044
"YZSESMVNPJ",-1.76360580976823,-0.116780106992059,-0.810836365631037
"RQFZSDPFJB",1.2534961236849,-0.0811540003536433,-0.403545607291987
"OTQERQPYIK",-1.7275740819447,1.13343077189253,1.29007542958504
"KDILRGKUGA",-0.714425754176816,0.793055652866706,0.0256771578173389
"IIDWJQYNSD",0.839897650586973,0.550831906877954,-0.978095933129689
"LLZVRPKLAA",-1.38158503440356,0.979720628479485,1.3198954331812
"JWYIUIUMSS",1.31573601264538,1.57413600055618,-1.6920635652942
"ZQBPEXHLUU",0.272451332213413,-0.659623169169366,-0.785143350387408
"HCZMQNFHYA",-0.99936405590847,0.0328424452459135,-0.133128664067409
"SXOIBQHUCP",1.19627449028359,-1.89755237806324,-1.90317410624862
"SMSCQHJGFR",-0.101807459323749,-1.25202311379083,-0.0782303037481378
"WLALTVPSHX",-1.18394055118625,-0.174191092889497,-0.0961154650540157
"XDGPGVKOZW",0.494980503771335,0.202323189523213,0.562915619770073
"QDSIQGIEZX",-0.98661020717204,-0.326181588204957,0.0593668832243629
"KJCZWKWRCV",-0.44850349004562,-0.583324532170888,-0.857965568425816
"ZJKAHXXWXW",0.031797201308431,0.479374717260302,0.934022106599653
